{
  "1": {
    "bib": "38",
    "transponder_1": "",
    "transponder_2": "",
    "last_name": "Rachbauer",
    "first_name": "Manuel",
    "code": "1619",
    "gender": "M",
    "birth_year": 2000,
    "category": "Standing",
    "country": "AUT",
    "region": "",
    "club": "",
    "team": "",
    "fis_points_Downhill": 99000,
    "fis_points_Super-G": 17698,
    "fis_points_Giant_Slalom": 16398,
    "fis_points_Slalom": 22844,
    "fis_points_Alpine_Combined": 26423,
    "sport_class": "LW9-2",
    "function": "Competitor",
    "guide_name": "",
    "factor": 0.8838
  },
  "2": {
    "bib": "76",
    "transponder_1": "",
    "transponder_2": "",
    "last_name": "Bambousek",
    "first_name": "Pavel",
    "code": "13048",
    "gender": "M",
    "birth_year": 1984,
    "category": "Sitting",
    "country": "CZE",
    "region": "",
    "club": "",
    "team": "",
    "fis_points_Downhill": 18122,
    "fis_points_Super-G": 21892,
    "fis_points_Giant_Slalom": 16666,
    "fis_points_Slalom": 14119,
    "fis_points_Alpine_Combined": 38290,
    "sport_class": "LW12-1",
    "function": "Competitor",
    "guide_name": "",
    "factor": 0.763
  },
  "3": {
    "bib": "42",
    "transponder_1": "",
    "transponder_2": "",
    "last_name": "Nolte",
    "first_name": "Thomas",
    "code": "13154",
    "gender": "M",
    "birth_year": 1984,
    "category": "Sitting",
    "country": "GER",
    "region": "",
    "club": "",
    "team": "",
    "fis_points_Downhill": 15824,
    "fis_points_Super-G": 15568,
    "fis_points_Giant_Slalom": 15934,
    "fis_points_Slalom": 11666,
    "fis_points_Alpine_Combined": 28453,
    "sport_class": "LW11",
    "function": "Competitor",
    "guide_name": "",
    "factor": 0.742
  },
  "4": {
    "bib": "39",
    "transponder_1": "",
    "transponder_2": "",
    "last_name": "Han",
    "first_name": "Sang Min",
    "code": "13250",
    "gender": "M",
    "birth_year": 1979,
    "category": "Sitting",
    "country": "KOR",
    "region": "",
    "club": "",
    "team": "",
    "fis_points_Downhill": 12702,
    "fis_points_Super-G": 9674,
    "fis_points_Giant_Slalom": 11422,
    "fis_points_Slalom": 14082,
    "fis_points_Alpine_Combined": 20024,
    "sport_class": "LW12-1",
    "function": "Competitor",
    "guide_name": "",
    "factor": 0.763
  },
  "5": {
    "bib": "97",
    "transponder_1": "",
    "transponder_2": "",
    "last_name": "Alyabyev",
    "first_name": "Alexander",
    "code": "13276",
    "gender": "M",
    "birth_year": 1989,
    "category": "Standing",
    "country": "RUS",
    "region": "",
    "club": "",
    "team": "",
    "fis_points_Downhill": 9147,
    "fis_points_Super-G": 10508,
    "fis_points_Giant_Slalom": 4187,
    "fis_points_Slalom": 5187,
    "fis_points_Alpine_Combined": 15768,
    "sport_class": "LW6/8-2",
    "function": "Competitor",
    "guide_name": "",
    "factor": 1.0
  },
  "6": {
    "bib": "68",
    "transponder_1": "",
    "transponder_2": "",
    "last_name": "Frantsev",
    "first_name": "Ivan",
    "code": "13279",
    "gender": "M",
    "birth_year": 1991,
    "category": "Vision Impaired",
    "country": "RUS",
    "region": "",
    "club": "",
    "team": "",
    "fis_points_Downhill": 12912,
    "fis_points_Super-G": 6355,
    "fis_points_Giant_Slalom": 5146,
    "fis_points_Slalom": 3298,
    "fis_points_Alpine_Combined": 15171,
    "sport_class": "B2",
    "function": "Competitor",
    "guide_name": "Agranovskii German",
    "factor": 0.8084
  },
  "7": {
    "bib": "69",
    "transponder_1": "",
    "transponder_2": "",
    "last_name": "Redkozubov",
    "first_name": "Valerii",
    "code": "13281",
    "gender": "M",
    "birth_year": 1972,
    "category": "Vision Impaired",
    "country": "RUS",
    "region": "",
    "club": "",
    "team": "",
    "fis_points_Downhill": 99000,
    "fis_points_Super-G": 8000,
    "fis_points_Giant_Slalom": 6466,
    "fis_points_Slalom": 3689,
    "fis_points_Alpine_Combined": 7579,
    "sport_class": "B2",
    "function": "Competitor",
    "guide_name": "Geroev Evgeny",
    "factor": 0.8084
  },
  "8": {
    "bib": "59",
    "transponder_1": "",
    "transponder_2": "",
    "last_name": "Deleplace",
    "first_name": "Hyacinthe",
    "code": "13724",
    "gender": "M",
    "birth_year": 1989,
    "category": "Vision Impaired",
    "country": "FRA",
    "region": "",
    "club": "",
    "team": "",
    "fis_points_Downhill": 99000,
    "fis_points_Super-G": 5909,
    "fis_points_Giant_Slalom": 5878,
    "fis_points_Slalom": 3787,
    "fis_points_Alpine_Combined": 99000,
    "sport_class": "B2",
    "function": "Competitor",
    "guide_name": "Larmet Kerwan",
    "factor": 0.8084
  },
  "9": {
    "bib": "49",
    "transponder_1": "",
    "transponder_2": "",
    "last_name": "Mazi",
    "first_name": "Remi",
    "code": "15665",
    "gender": "M",
    "birth_year": 1988,
    "category": "Standing",
    "country": "BEL",
    "region": "",
    "club": "",
    "team": "",
    "fis_points_Downhill": 99000,
    "fis_points_Super-G": 22735,
    "fis_points_Giant_Slalom": 19145,
    "fis_points_Slalom": 19872,
    "fis_points_Alpine_Combined": 45711,
    "sport_class": "LW6/8-2",
    "function": "Competitor",
    "guide_name": "",
    "factor": 1.0
  },
  "10": {
    "bib": "57",
    "transponder_1": "",
    "transponder_2": "",
    "last_name": "Bugaev",
    "first_name": "Aleksei",
    "code": "16746",
    "gender": "M",
    "birth_year": 1997,
    "category": "Standing",
    "country": "RUS",
    "region": "",
    "club": "",
    "team": "",
    "fis_points_Downhill": 9032,
    "fis_points_Super-G": 4569,
    "fis_points_Giant_Slalom": 2165,
    "fis_points_Slalom": 500,
    "fis_points_Alpine_Combined": 5776,
    "sport_class": "LW6/8-2",
    "function": "Competitor",
    "guide_name": "",
    "factor": 1.0
  },
  "11": {
    "bib": "14",
    "transponder_1": "",
    "transponder_2": "",
    "last_name": "Alexandrov",
    "first_name": "Sergey",
    "code": "17957",
    "gender": "M",
    "birth_year": 1982,
    "category": "Standing",
    "country": "RUS",
    "region": "",
    "club": "",
    "team": "",
    "fis_points_Downhill": 99000,
    "fis_points_Super-G": 24154,
    "fis_points_Giant_Slalom": 44011,
    "fis_points_Slalom": 25491,
    "fis_points_Alpine_Combined": 99000,
    "sport_class": "LW3",
    "function": "Competitor",
    "guide_name": "",
    "factor": 0.8741
  },
  "12": {
    "bib": "17",
    "transponder_1": "",
    "transponder_2": "",
    "last_name": "Kampschreur",
    "first_name": "Jeroen",
    "code": "18997",
    "gender": "M",
    "birth_year": 1999,
    "category": "Sitting",
    "country": "NED",
    "region": "",
    "club": "",
    "team": "",
    "fis_points_Downhill": 2257,
    "fis_points_Super-G": 1003,
    "fis_points_Giant_Slalom": 215,
    "fis_points_Slalom": 94,
    "fis_points_Alpine_Combined": 7488,
    "sport_class": "LW12-2",
    "function": "Competitor",
    "guide_name": "",
    "factor": 0.7909
  },
  "13": {
    "bib": "89",
    "transponder_1": "",
    "transponder_2": "",
    "last_name": "de Langen",
    "first_name": "Niels",
    "code": "18998",
    "gender": "M",
    "birth_year": 1998,
    "category": "Sitting",
    "country": "NED",
    "region": "",
    "club": "",
    "team": "",
    "fis_points_Downhill": 7688,
    "fis_points_Super-G": 8314,
    "fis_points_Giant_Slalom": 2988,
    "fis_points_Slalom": 3346,
    "fis_points_Alpine_Combined": 13574,
    "sport_class": "LW12-2",
    "function": "Competitor",
    "guide_name": "",
    "factor": 0.7909
  },
  "14": {
    "bib": "83",
    "transponder_1": "",
    "transponder_2": "",
    "last_name": "Verdonk",
    "first_name": "Joris",
    "code": "19042",
    "gender": "M",
    "birth_year": 1997,
    "category": "Standing",
    "country": "NED",
    "region": "",
    "club": "",
    "team": "",
    "fis_points_Downhill": 99000,
    "fis_points_Super-G": 99000,
    "fis_points_Giant_Slalom": 36995,
    "fis_points_Slalom": 35508,
    "fis_points_Alpine_Combined": 99000,
    "sport_class": "LW9-1",
    "function": "Competitor",
    "guide_name": "",
    "factor": 0.8224
  },
  "15": {
    "bib": "11",
    "transponder_1": "",
    "transponder_2": "",
    "last_name": "Stuut",
    "first_name": "Jeffrey",
    "code": "19049",
    "gender": "M",
    "birth_year": 1995,
    "category": "Standing",
    "country": "NED",
    "region": "",
    "club": "",
    "team": "",
    "fis_points_Downhill": 15573,
    "fis_points_Super-G": 8730,
    "fis_points_Giant_Slalom": 12376,
    "fis_points_Slalom": 4368,
    "fis_points_Alpine_Combined": 23686,
    "sport_class": "LW3",
    "function": "Competitor",
    "guide_name": "",
    "factor": 0.8741
  },
  "16": {
    "bib": "50",
    "transponder_1": "",
    "transponder_2": "",
    "last_name": "Vaverka",
    "first_name": "Tomas",
    "code": "19838",
    "gender": "M",
    "birth_year": 1982,
    "category": "Standing",
    "country": "CZE",
    "region": "",
    "club": "",
    "team": "",
    "fis_points_Downhill": 26432,
    "fis_points_Super-G": 19009,
    "fis_points_Giant_Slalom": 13564,
    "fis_points_Slalom": 17856,
    "fis_points_Alpine_Combined": 28760,
    "sport_class": "LW9-2",
    "function": "Competitor",
    "guide_name": "",
    "factor": 0.8838
  },
  "17": {
    "bib": "18",
    "transponder_1": "",
    "transponder_2": "",
    "last_name": "Meijer",
    "first_name": "Floris",
    "code": "23827",
    "gender": "M",
    "birth_year": 1989,
    "category": "Sitting",
    "country": "NED",
    "region": "",
    "club": "",
    "team": "",
    "fis_points_Downhill": 22168,
    "fis_points_Super-G": 9072,
    "fis_points_Giant_Slalom": 7329,
    "fis_points_Slalom": 11269,
    "fis_points_Alpine_Combined": 22708,
    "sport_class": "LW10-2",
    "function": "Competitor",
    "guide_name": "",
    "factor": 0.7299
  },
  "18": {
    "bib": "75",
    "transponder_1": "",
    "transponder_2": "",
    "last_name": "Crey",
    "first_name": "Tom",
    "code": "23999",
    "gender": "M",
    "birth_year": 2000,
    "category": "Standing",
    "country": "FRA",
    "region": "",
    "club": "",
    "team": "",
    "fis_points_Downhill": 99000,
    "fis_points_Super-G": 23839,
    "fis_points_Giant_Slalom": 20716,
    "fis_points_Slalom": 16000,
    "fis_points_Alpine_Combined": 43401,
    "sport_class": "LW9-2",
    "function": "Competitor",
    "guide_name": "",
    "factor": 0.8838
  },
  "19": {
    "bib": "41",
    "transponder_1": "",
    "transponder_2": "",
    "last_name": "Mikushin",
    "first_name": "Alexey",
    "code": "24024",
    "gender": "M",
    "birth_year": 1998,
    "category": "Standing",
    "country": "RUS",
    "region": "",
    "club": "",
    "team": "",
    "fis_points_Downhill": 22324,
    "fis_points_Super-G": 12387,
    "fis_points_Giant_Slalom": 5586,
    "fis_points_Slalom": 10321,
    "fis_points_Alpine_Combined": 23053,
    "sport_class": "LW6/8-1",
    "function": "Competitor",
    "guide_name": "",
    "factor": 0.966
  },
  "20": {
    "bib": "72",
    "transponder_1": "",
    "transponder_2": "",
    "last_name": "Takahashi",
    "first_name": "Kohei",
    "code": "24041",
    "gender": "M",
    "birth_year": 2000,
    "category": "Standing",
    "country": "JPN",
    "region": "",
    "club": "",
    "team": "",
    "fis_points_Downhill": 99000,
    "fis_points_Super-G": 14612,
    "fis_points_Giant_Slalom": 10322,
    "fis_points_Slalom": 7084,
    "fis_points_Alpine_Combined": 39870,
    "sport_class": "LW9-2",
    "function": "Competitor",
    "guide_name": "",
    "factor": 0.8838
  },
  "21": {
    "bib": "23",
    "transponder_1": "",
    "transponder_2": "",
    "last_name": "Hwang",
    "first_name": "Mingyu",
    "code": "24057",
    "gender": "M",
    "birth_year": 1996,
    "category": "Vision Impaired",
    "country": "KOR",
    "region": "",
    "club": "",
    "team": "",
    "fis_points_Downhill": 99000,
    "fis_points_Super-G": 15594,
    "fis_points_Giant_Slalom": 19726,
    "fis_points_Slalom": 18855,
    "fis_points_Alpine_Combined": 99000,
    "sport_class": "B3",
    "function": "Competitor",
    "guide_name": "",
    "factor": 0.8453
  },
  "22": {
    "bib": "37",
    "transponder_1": "",
    "transponder_2": "",
    "last_name": "Orvarsson",
    "first_name": "Hilmar",
    "code": "24070",
    "gender": "M",
    "birth_year": 2000,
    "category": "Standing",
    "country": "ISL",
    "region": "",
    "club": "",
    "team": "",
    "fis_points_Downhill": 99000,
    "fis_points_Super-G": 99000,
    "fis_points_Giant_Slalom": 20222,
    "fis_points_Slalom": 3355,
    "fis_points_Alpine_Combined": 99000,
    "sport_class": "LW2",
    "function": "Competitor",
    "guide_name": "",
    "factor": 0.9704
  },
  "23": {
    "bib": "20",
    "transponder_1": "",
    "transponder_2": "",
    "last_name": "Nybo",
    "first_name": "Adam Bording",
    "code": "24093",
    "gender": "M",
    "birth_year": 2000,
    "category": "Sitting",
    "country": "DEN",
    "region": "",
    "club": "",
    "team": "",
    "fis_points_Downhill": 99000,
    "fis_points_Super-G": 99000,
    "fis_points_Giant_Slalom": 32739,
    "fis_points_Slalom": 37814,
    "fis_points_Alpine_Combined": 99000,
    "sport_class": "LW12-1",
    "function": "Competitor",
    "guide_name": "",
    "factor": 0.763
  },
  "24": {
    "bib": "73",
    "transponder_1": "",
    "transponder_2": "",
    "last_name": "Speksnijder",
    "first_name": "Thijn",
    "code": "24135",
    "gender": "M",
    "birth_year": 2000,
    "category": "Sitting",
    "country": "NED",
    "region": "",
    "club": "",
    "team": "",
    "fis_points_Downhill": 99000,
    "fis_points_Super-G": 99000,
    "fis_points_Giant_Slalom": 37386,
    "fis_points_Slalom": 17577,
    "fis_points_Alpine_Combined": 99000,
    "sport_class": "LW12-1",
    "function": "Competitor",
    "guide_name": "",
    "factor": 0.763
  },
  "25": {
    "bib": "71",
    "transponder_1": "",
    "transponder_2": "",
    "last_name": "Kress",
    "first_name": "Leander",
    "code": "24226",
    "gender": "M",
    "birth_year": 2001,
    "category": "Standing",
    "country": "GER",
    "region": "",
    "club": "",
    "team": "",
    "fis_points_Downhill": 99000,
    "fis_points_Super-G": 38026,
    "fis_points_Giant_Slalom": 16046,
    "fis_points_Slalom": 13956,
    "fis_points_Alpine_Combined": 38942,
    "sport_class": "LW2",
    "function": "Competitor",
    "guide_name": "",
    "factor": 0.9704
  },
  "26": {
    "bib": "47",
    "transponder_1": "",
    "transponder_2": "",
    "last_name": "Skoglund",
    "first_name": "Arvid",
    "code": "29475",
    "gender": "M",
    "birth_year": 2003,
    "category": "Standing",
    "country": "SWE",
    "region": "",
    "club": "",
    "team": "",
    "fis_points_Downhill": 99000,
    "fis_points_Super-G": 99000,
    "fis_points_Giant_Slalom": 11830,
    "fis_points_Slalom": 12631,
    "fis_points_Alpine_Combined": 99000,
    "sport_class": "LW6/8-2",
    "function": "Competitor",
    "guide_name": "",
    "factor": 1.0
  },
  "27": {
    "bib": "87",
    "transponder_1": "",
    "transponder_2": "",
    "last_name": "Civade",
    "first_name": "Thomas",
    "code": "29714",
    "gender": "M",
    "birth_year": 2001,
    "category": "Vision Impaired",
    "country": "FRA",
    "region": "",
    "club": "",
    "team": "",
    "fis_points_Downhill": 28912,
    "fis_points_Super-G": 8378,
    "fis_points_Giant_Slalom": 7237,
    "fis_points_Slalom": 2745,
    "fis_points_Alpine_Combined": 15475,
    "sport_class": "B3",
    "function": "Competitor",
    "guide_name": "Larmet Kerwan",
    "factor": 0.8453
  },
  "28": {
    "bib": "19",
    "transponder_1": "",
    "transponder_2": "",
    "last_name": "Braz-Dagand",
    "first_name": "Lou",
    "code": "31627",
    "gender": "M",
    "birth_year": 1995,
    "category": "Sitting",
    "country": "FRA",
    "region": "",
    "club": "",
    "team": "",
    "fis_points_Downhill": 99000,
    "fis_points_Super-G": 24306,
    "fis_points_Giant_Slalom": 12036,
    "fis_points_Slalom": 9162,
    "fis_points_Alpine_Combined": 29022,
    "sport_class": "LW10-2",
    "function": "Competitor",
    "guide_name": "",
    "factor": 0.7299
  },
  "29": {
    "bib": "51",
    "transponder_1": "",
    "transponder_2": "",
    "last_name": "Cretton",
    "first_name": "Pierre",
    "code": "31629",
    "gender": "M",
    "birth_year": 2002,
    "category": "Standing",
    "country": "FRA",
    "region": "",
    "club": "",
    "team": "",
    "fis_points_Downhill": 99000,
    "fis_points_Super-G": 20532,
    "fis_points_Giant_Slalom": 15965,
    "fis_points_Slalom": 19845,
    "fis_points_Alpine_Combined": 99000,
    "sport_class": "LW9-2",
    "function": "Competitor",
    "guide_name": "",
    "factor": 0.8838
  },
  "30": {
    "bib": "25",
    "transponder_1": "",
    "transponder_2": "",
    "last_name": "Hedegaard",
    "first_name": "Kristian Schou",
    "code": "31643",
    "gender": "M",
    "birth_year": 1984,
    "category": "Vision Impaired",
    "country": "DEN",
    "region": "",
    "club": "",
    "team": "",
    "fis_points_Downhill": 99000,
    "fis_points_Super-G": 99000,
    "fis_points_Giant_Slalom": 82551,
    "fis_points_Slalom": 38240,
    "fis_points_Alpine_Combined": 99000,
    "sport_class": "B2",
    "function": "Competitor",
    "guide_name": "Lindemann Visti",
    "factor": 0.8084
  },
  "31": {
    "bib": "40",
    "transponder_1": "",
    "transponder_2": "",
    "last_name": "Gloetzner",
    "first_name": "Christoph",
    "code": "31657",
    "gender": "M",
    "birth_year": 2003,
    "category": "Standing",
    "country": "GER",
    "region": "",
    "club": "",
    "team": "",
    "fis_points_Downhill": 99000,
    "fis_points_Super-G": 99000,
    "fis_points_Giant_Slalom": 18336,
    "fis_points_Slalom": 24357,
    "fis_points_Alpine_Combined": 99000,
    "sport_class": "LW2",
    "function": "Competitor",
    "guide_name": "",
    "factor": 0.9704
  },
  "32": {
    "bib": "5",
    "transponder_1": "",
    "transponder_2": "",
    "last_name": "Trancart",
    "first_name": "Thibault",
    "code": "31658",
    "gender": "M",
    "birth_year": 1991,
    "category": "Vision Impaired",
    "country": "SUI",
    "region": "",
    "club": "",
    "team": "",
    "fis_points_Downhill": 99000,
    "fis_points_Super-G": 39254,
    "fis_points_Giant_Slalom": 22103,
    "fis_points_Slalom": 25057,
    "fis_points_Alpine_Combined": 99000,
    "sport_class": "B1",
    "function": "Competitor",
    "guide_name": "Pauli Manoelle",
    "factor": 0.5647
  },
  "33": {
    "bib": "1",
    "transponder_1": "",
    "transponder_2": "",
    "last_name": "Sheen",
    "first_name": "Dan",
    "code": "33279",
    "gender": "M",
    "birth_year": 1981,
    "category": "Sitting",
    "country": "GBR",
    "region": "",
    "club": "",
    "team": "",
    "fis_points_Downhill": 99000,
    "fis_points_Super-G": 21919,
    "fis_points_Giant_Slalom": 22971,
    "fis_points_Slalom": 24073,
    "fis_points_Alpine_Combined": 99000,
    "sport_class": "LW12-2",
    "function": "Competitor",
    "guide_name": "",
    "factor": 0.7909
  },
  "34": {
    "bib": "95",
    "transponder_1": "",
    "transponder_2": "",
    "last_name": "Gmuer",
    "first_name": "Stephan",
    "code": "34880",
    "gender": "M",
    "birth_year": 1985,
    "category": "Sitting",
    "country": "SUI",
    "region": "",
    "club": "",
    "team": "",
    "fis_points_Downhill": 99000,
    "fis_points_Super-G": 52011,
    "fis_points_Giant_Slalom": 24068,
    "fis_points_Slalom": 17067,
    "fis_points_Alpine_Combined": 99000,
    "sport_class": "LW11",
    "function": "Competitor",
    "guide_name": "",
    "factor": 0.742
  },
  "35": {
    "bib": "44",
    "transponder_1": "",
    "transponder_2": "",
    "last_name": "Lappe",
    "first_name": "Jonas",
    "code": "34957",
    "gender": "M",
    "birth_year": 2004,
    "category": "Standing",
    "country": "GER",
    "region": "",
    "club": "",
    "team": "",
    "fis_points_Downhill": 99000,
    "fis_points_Super-G": 99000,
    "fis_points_Giant_Slalom": 60204,
    "fis_points_Slalom": 99000,
    "fis_points_Alpine_Combined": 99000,
    "sport_class": "LW2",
    "function": "Competitor",
    "guide_name": "",
    "factor": 0.9704
  },
  "36": {
    "bib": "45",
    "transponder_1": "",
    "transponder_2": "",
    "last_name": "Chevassu",
    "first_name": "Cedric",
    "code": "34966",
    "gender": "M",
    "birth_year": 2001,
    "category": "Standing",
    "country": "FRA",
    "region": "",
    "club": "",
    "team": "",
    "fis_points_Downhill": 99000,
    "fis_points_Super-G": 19771,
    "fis_points_Giant_Slalom": 18159,
    "fis_points_Slalom": 20409,
    "fis_points_Alpine_Combined": 99000,
    "sport_class": "LW9-2",
    "function": "Competitor",
    "guide_name": "",
    "factor": 0.8838
  },
  "37": {
    "bib": "64",
    "transponder_1": "",
    "transponder_2": "",
    "last_name": "Segers",
    "first_name": "Jules",
    "code": "34971",
    "gender": "M",
    "birth_year": 2002,
    "category": "Standing",
    "country": "FRA",
    "region": "",
    "club": "",
    "team": "",
    "fis_points_Downhill": 99000,
    "fis_points_Super-G": 18325,
    "fis_points_Giant_Slalom": 11326,
    "fis_points_Slalom": 8488,
    "fis_points_Alpine_Combined": 99000,
    "sport_class": "LW9-2",
    "function": "Competitor",
    "guide_name": "",
    "factor": 0.8838
  },
  "38": {
    "bib": "63",
    "transponder_1": "",
    "transponder_2": "",
    "last_name": "Slegg",
    "first_name": "Alex",
    "code": "35075",
    "gender": "M",
    "birth_year": 1991,
    "category": "Sitting",
    "country": "GBR",
    "region": "",
    "club": "",
    "team": "",
    "fis_points_Downhill": 99000,
    "fis_points_Super-G": 20327,
    "fis_points_Giant_Slalom": 20669,
    "fis_points_Slalom": 29284,
    "fis_points_Alpine_Combined": 99000,
    "sport_class": "LW12-1",
    "function": "Competitor",
    "guide_name": "",
    "factor": 0.763
  },
  "39": {
    "bib": "34",
    "transponder_1": "",
    "transponder_2": "",
    "last_name": "Goreta",
    "first_name": "Jovica",
    "code": "35208",
    "gender": "M",
    "birth_year": 1971,
    "category": "Standing",
    "country": "BIH",
    "region": "",
    "club": "",
    "team": "",
    "fis_points_Downhill": 99000,
    "fis_points_Super-G": 99000,
    "fis_points_Giant_Slalom": 44333,
    "fis_points_Slalom": 53055,
    "fis_points_Alpine_Combined": 99000,
    "sport_class": "LW4",
    "function": "Competitor",
    "guide_name": "",
    "factor": 0.9628
  },
  "40": {
    "bib": "21",
    "transponder_1": "",
    "transponder_2": "",
    "last_name": "Taylor",
    "first_name": "Grant",
    "code": "35231",
    "gender": "M",
    "birth_year": 1994,
    "category": "Sitting",
    "country": "GBR",
    "region": "",
    "club": "",
    "team": "",
    "fis_points_Downhill": 99000,
    "fis_points_Super-G": 99000,
    "fis_points_Giant_Slalom": 65686,
    "fis_points_Slalom": 37044,
    "fis_points_Alpine_Combined": 99000,
    "sport_class": "LW11",
    "function": "Competitor",
    "guide_name": "",
    "factor": 0.742
  },
  "41": {
    "bib": "15",
    "transponder_1": "",
    "transponder_2": "",
    "last_name": "Drake",
    "first_name": "Kevin",
    "code": "40259",
    "gender": "M",
    "birth_year": 1978,
    "category": "Standing",
    "country": "GBR",
    "region": "",
    "club": "",
    "team": "",
    "fis_points_Downhill": 99000,
    "fis_points_Super-G": 43419,
    "fis_points_Giant_Slalom": 30406,
    "fis_points_Slalom": 29903,
    "fis_points_Alpine_Combined": 99000,
    "sport_class": "LW4",
    "function": "Competitor",
    "guide_name": "",
    "factor": 0.9628
  },
  "42": {
    "bib": "46",
    "transponder_1": "",
    "transponder_2": "",
    "last_name": "Aigner",
    "first_name": "Johannes",
    "code": "40291",
    "gender": "M",
    "birth_year": 2005,
    "category": "Vision Impaired",
    "country": "AUT",
    "region": "",
    "club": "",
    "team": "",
    "fis_points_Downhill": 99000,
    "fis_points_Super-G": 99000,
    "fis_points_Giant_Slalom": 9836,
    "fis_points_Slalom": 99000,
    "fis_points_Alpine_Combined": 99000,
    "sport_class": "B2",
    "function": "Competitor",
    "guide_name": "Woller Patrick",
    "factor": 0.8084
  },
  "43": {
    "bib": "65",
    "transponder_1": "",
    "transponder_2": "",
    "last_name": "Christen",
    "first_name": "Pascal",
    "code": "40513",
    "gender": "M",
    "birth_year": 1992,
    "category": "Sitting",
    "country": "SUI",
    "region": "",
    "club": "",
    "team": "",
    "fis_points_Downhill": 99000,
    "fis_points_Super-G": 31681,
    "fis_points_Giant_Slalom": 47755,
    "fis_points_Slalom": 38869,
    "fis_points_Alpine_Combined": 99000,
    "sport_class": "LW10-2",
    "function": "Competitor",
    "guide_name": "",
    "factor": 0.7299
  },
  "44": {
    "bib": "74",
    "transponder_1": "",
    "transponder_2": "",
    "last_name": "Rotach",
    "first_name": "Ueli",
    "code": "40536",
    "gender": "M",
    "birth_year": 2002,
    "category": "Standing",
    "country": "SUI",
    "region": "",
    "club": "",
    "team": "",
    "fis_points_Downhill": 99000,
    "fis_points_Super-G": 41627,
    "fis_points_Giant_Slalom": 33420,
    "fis_points_Slalom": 49953,
    "fis_points_Alpine_Combined": 99000,
    "sport_class": "LW3",
    "function": "Competitor",
    "guide_name": "",
    "factor": 0.8741
  },
  "45": {
    "bib": "80",
    "transponder_1": "",
    "transponder_2": "",
    "last_name": "Mahemuti",
    "first_name": "Muerabuli",
    "code": "40707",
    "gender": "M",
    "birth_year": 2001,
    "category": "Sitting",
    "country": "CHN",
    "region": "",
    "club": "",
    "team": "",
    "fis_points_Downhill": 99000,
    "fis_points_Super-G": 99000,
    "fis_points_Giant_Slalom": 99000,
    "fis_points_Slalom": 99000,
    "fis_points_Alpine_Combined": 99000,
    "sport_class": "LW12-2",
    "function": "Competitor",
    "guide_name": "",
    "factor": 0.7909
  },
  "46": {
    "bib": "66",
    "transponder_1": "",
    "transponder_2": "",
    "last_name": "Roennelin",
    "first_name": "Oliwer",
    "code": "41875",
    "gender": "M",
    "birth_year": 2003,
    "category": "Vision Impaired",
    "country": "SWE",
    "region": "",
    "club": "",
    "team": "",
    "fis_points_Downhill": 99000,
    "fis_points_Super-G": 99000,
    "fis_points_Giant_Slalom": 99000,
    "fis_points_Slalom": 99000,
    "fis_points_Alpine_Combined": 99000,
    "sport_class": "B2",
    "function": "Competitor",
    "guide_name": "",
    "factor": 0.8084
  },
  "47": {
    "bib": "2",
    "transponder_1": "",
    "transponder_2": "",
    "last_name": "Rowland",
    "first_name": "Brian",
    "code": "42251",
    "gender": "M",
    "birth_year": 1986,
    "category": "Sitting",
    "country": "CAN",
    "region": "",
    "club": "",
    "team": "",
    "fis_points_Downhill": 99000,
    "fis_points_Super-G": 99000,
    "fis_points_Giant_Slalom": 99000,
    "fis_points_Slalom": 99000,
    "fis_points_Alpine_Combined": 99000,
    "sport_class": "LW11",
    "function": "Competitor",
    "guide_name": "",
    "factor": 0.742
  },
  "48": {
    "bib": "48",
    "transponder_1": "",
    "transponder_2": "",
    "last_name": "Liang",
    "first_name": "Jingyi",
    "code": "43240",
    "gender": "M",
    "birth_year": 2002,
    "category": "Standing",
    "country": "CHN",
    "region": "",
    "club": "",
    "team": "",
    "fis_points_Downhill": 99000,
    "fis_points_Super-G": 35316,
    "fis_points_Giant_Slalom": 35642,
    "fis_points_Slalom": 29157,
    "fis_points_Alpine_Combined": 99000,
    "sport_class": "LW9-2",
    "function": "Competitor",
    "guide_name": "",
    "factor": 0.8838
  },
  "49": {
    "bib": "70",
    "transponder_1": "",
    "transponder_2": "",
    "last_name": "Li",
    "first_name": "Xiang",
    "code": "43241",
    "gender": "M",
    "birth_year": 1997,
    "category": "Sitting",
    "country": "CHN",
    "region": "",
    "club": "",
    "team": "",
    "fis_points_Downhill": 99000,
    "fis_points_Super-G": 33521,
    "fis_points_Giant_Slalom": 35896,
    "fis_points_Slalom": 30241,
    "fis_points_Alpine_Combined": 99000,
    "sport_class": "LW10-1",
    "function": "Competitor",
    "guide_name": "",
    "factor": 0.6774
  },
  "50": {
    "bib": "30",
    "transponder_1": "",
    "transponder_2": "",
    "last_name": "Liu",
    "first_name": "Lijia",
    "code": "43921",
    "gender": "M",
    "birth_year": 1988,
    "category": "Sitting",
    "country": "CHN",
    "region": "",
    "club": "",
    "team": "",
    "fis_points_Downhill": 99000,
    "fis_points_Super-G": 99000,
    "fis_points_Giant_Slalom": 99000,
    "fis_points_Slalom": 99000,
    "fis_points_Alpine_Combined": 99000,
    "sport_class": "LW11",
    "function": "Competitor",
    "guide_name": "",
    "factor": 0.742
  },
  "51": {
    "bib": "43",
    "transponder_1": "",
    "transponder_2": "",
    "last_name": "Gong",
    "first_name": "Zhaolin",
    "code": "43922",
    "gender": "M",
    "birth_year": 1989,
    "category": "Sitting",
    "country": "CHN",
    "region": "",
    "club": "",
    "team": "",
    "fis_points_Downhill": 99000,
    "fis_points_Super-G": 99000,
    "fis_points_Giant_Slalom": 99000,
    "fis_points_Slalom": 99000,
    "fis_points_Alpine_Combined": 99000,
    "sport_class": "LW10-2",
    "function": "Competitor",
    "guide_name": "",
    "factor": 0.7299
  },
  "52": {
    "bib": "29",
    "transponder_1": "",
    "transponder_2": "",
    "last_name": "Guo",
    "first_name": "Leiyang",
    "code": "43926",
    "gender": "M",
    "birth_year": 1996,
    "category": "Standing",
    "country": "CHN",
    "region": "",
    "club": "",
    "team": "",
    "fis_points_Downhill": 99000,
    "fis_points_Super-G": 99000,
    "fis_points_Giant_Slalom": 99000,
    "fis_points_Slalom": 99000,
    "fis_points_Alpine_Combined": 99000,
    "sport_class": "LW6/8-2",
    "function": "Competitor",
    "guide_name": "",
    "factor": 1.0
  },
  "53": {
    "bib": "10",
    "transponder_1": "",
    "transponder_2": "",
    "last_name": "Yi",
    "first_name": "Shanjun",
    "code": "43928",
    "gender": "M",
    "birth_year": 2002,
    "category": "Standing",
    "country": "CHN",
    "region": "",
    "club": "",
    "team": "",
    "fis_points_Downhill": 99000,
    "fis_points_Super-G": 99000,
    "fis_points_Giant_Slalom": 99000,
    "fis_points_Slalom": 99000,
    "fis_points_Alpine_Combined": 99000,
    "sport_class": "LW9-2",
    "function": "Competitor",
    "guide_name": "",
    "factor": 0.8838
  },
  "54": {
    "bib": "85",
    "transponder_1": "",
    "transponder_2": "",
    "last_name": "Liang",
    "first_name": "Zilu",
    "code": "43940",
    "gender": "M",
    "birth_year": 2004,
    "category": "Sitting",
    "country": "CHN",
    "region": "",
    "club": "",
    "team": "",
    "fis_points_Downhill": 99000,
    "fis_points_Super-G": 99000,
    "fis_points_Giant_Slalom": 99000,
    "fis_points_Slalom": 99000,
    "fis_points_Alpine_Combined": 99000,
    "sport_class": "LW12-2",
    "function": "Competitor",
    "guide_name": "",
    "factor": 0.7909
  },
  "55": {
    "bib": "31",
    "transponder_1": "",
    "transponder_2": "",
    "last_name": "Pierrel",
    "first_name": "Victor",
    "code": "44080",
    "gender": "M",
    "birth_year": 1992,
    "category": "Sitting",
    "country": "FRA",
    "region": "",
    "club": "",
    "team": "",
    "fis_points_Downhill": 99000,
    "fis_points_Super-G": 99000,
    "fis_points_Giant_Slalom": 99000,
    "fis_points_Slalom": 99000,
    "fis_points_Alpine_Combined": 99000,
    "sport_class": "LW11",
    "function": "Competitor",
    "guide_name": "",
    "factor": 0.742
  },
  "56": {
    "bib": "28",
    "transponder_1": "",
    "transponder_2": "",
    "last_name": "Burnham",
    "first_name": "Oscar",
    "code": "44087",
    "gender": "M",
    "birth_year": 1999,
    "category": "Standing",
    "country": "FRA",
    "region": "",
    "club": "",
    "team": "",
    "fis_points_Downhill": 99000,
    "fis_points_Super-G": 99000,
    "fis_points_Giant_Slalom": 99000,
    "fis_points_Slalom": 99000,
    "fis_points_Alpine_Combined": 99000,
    "sport_class": "LW6/8-2",
    "function": "Competitor",
    "guide_name": "",
    "factor": 1.0
  },
  "57": {
    "bib": "54",
    "transponder_1": "",
    "transponder_2": "",
    "last_name": "Scharnagl",
    "first_name": "Michael",
    "code": "44167",
    "gender": "M",
    "birth_year": 1989,
    "category": "Vision Impaired",
    "country": "AUT",
    "region": "",
    "club": "",
    "team": "",
    "fis_points_Downhill": 99000,
    "fis_points_Super-G": 99000,
    "fis_points_Giant_Slalom": 99000,
    "fis_points_Slalom": 99000,
    "fis_points_Alpine_Combined": 99000,
    "sport_class": "B3",
    "function": "Competitor",
    "guide_name": "Bacher Thomas",
    "factor": 0.8453
  },
  "58": {
    "bib": "90",
    "transponder_1": "",
    "transponder_2": "",
    "last_name": "Fend",
    "first_name": "Niklas",
    "code": "44170",
    "gender": "M",
    "birth_year": 1990,
    "category": "Sitting",
    "country": "AUT",
    "region": "",
    "club": "",
    "team": "",
    "fis_points_Downhill": 99000,
    "fis_points_Super-G": 99000,
    "fis_points_Giant_Slalom": 99000,
    "fis_points_Slalom": 99000,
    "fis_points_Alpine_Combined": 99000,
    "sport_class": "LW12-1",
    "function": "Competitor",
    "guide_name": "",
    "factor": 0.763
  },
  "59": {
    "bib": "88",
    "transponder_1": "",
    "transponder_2": "",
    "last_name": "Fujiwara",
    "first_name": "Tetsu",
    "code": "44177",
    "gender": "M",
    "birth_year": 1980,
    "category": "Sitting",
    "country": "JPN",
    "region": "",
    "club": "",
    "team": "",
    "fis_points_Downhill": 99000,
    "fis_points_Super-G": 99000,
    "fis_points_Giant_Slalom": 99000,
    "fis_points_Slalom": 99000,
    "fis_points_Alpine_Combined": 99000,
    "sport_class": "LW11",
    "function": "Competitor",
    "guide_name": "",
    "factor": 0.742
  },
  "60": {
    "bib": "33",
    "transponder_1": "",
    "transponder_2": "",
    "last_name": "Libra",
    "first_name": "Andreas",
    "code": "44184",
    "gender": "M",
    "birth_year": 1992,
    "category": "Standing",
    "country": "AUT",
    "region": "",
    "club": "",
    "team": "",
    "fis_points_Downhill": 99000,
    "fis_points_Super-G": 99000,
    "fis_points_Giant_Slalom": 99000,
    "fis_points_Slalom": 99000,
    "fis_points_Alpine_Combined": 99000,
    "sport_class": "LW4",
    "function": "Competitor",
    "guide_name": "",
    "factor": 0.9628
  },
  "61": {
    "bib": "26",
    "transponder_1": "",
    "transponder_2": "",
    "last_name": "Loiperdinger",
    "first_name": "Maximilian",
    "code": "44339",
    "gender": "M",
    "birth_year": 2001,
    "category": "Standing",
    "country": "AUT",
    "region": "",
    "club": "",
    "team": "",
    "fis_points_Downhill": 99000,
    "fis_points_Super-G": 99000,
    "fis_points_Giant_Slalom": 99000,
    "fis_points_Slalom": 99000,
    "fis_points_Alpine_Combined": 99000,
    "sport_class": "LW2",
    "function": "Competitor",
    "guide_name": "",
    "factor": 0.9704
  },
  "62": {
    "bib": "60",
    "transponder_1": "",
    "transponder_2": "",
    "last_name": "Zhu",
    "first_name": "Daqing",
    "code": "12276",
    "gender": "F",
    "birth_year": 1990,
    "category": "Vision Impaired",
    "country": "CHN",
    "region": "",
    "club": "",
    "team": "",
    "fis_points_Downhill": 99000,
    "fis_points_Super-G": 99000,
    "fis_points_Giant_Slalom": 35908,
    "fis_points_Slalom": 99000,
    "fis_points_Alpine_Combined": 99000,
    "sport_class": "B2",
    "function": "Competitor",
    "guide_name": "",
    "factor": 0.8084
  },
  "63": {
    "bib": "79",
    "transponder_1": "",
    "transponder_2": "",
    "last_name": "Forster",
    "first_name": "Anna-Lena",
    "code": "13161",
    "gender": "F",
    "birth_year": 1995,
    "category": "Sitting",
    "country": "GER",
    "region": "",
    "club": "",
    "team": "",
    "fis_points_Downhill": 3752,
    "fis_points_Super-G": 6630,
    "fis_points_Giant_Slalom": 2957,
    "fis_points_Slalom": 0,
    "fis_points_Alpine_Combined": 13264,
    "sport_class": "LW12-1",
    "function": "Competitor",
    "guide_name": "",
    "factor": 0.763
  },
  "64": {
    "bib": "81",
    "transponder_1": "",
    "transponder_2": "",
    "last_name": "Rothfuss",
    "first_name": "Andrea",
    "code": "13162",
    "gender": "F",
    "birth_year": 1989,
    "category": "Standing",
    "country": "GER",
    "region": "",
    "club": "",
    "team": "",
    "fis_points_Downhill": 5823,
    "fis_points_Super-G": 4348,
    "fis_points_Giant_Slalom": 1096,
    "fis_points_Slalom": 6353,
    "fis_points_Alpine_Combined": 7873,
    "sport_class": "LW6/8-2",
    "function": "Competitor",
    "guide_name": "",
    "factor": 1.0
  },
  "65": {
    "bib": "7",
    "transponder_1": "",
    "transponder_2": "",
    "last_name": "Khorosheva",
    "first_name": "Anastasiia",
    "code": "14585",
    "gender": "F",
    "birth_year": 1996,
    "category": "Standing",
    "country": "RUS",
    "region": "",
    "club": "",
    "team": "",
    "fis_points_Downhill": 25779,
    "fis_points_Super-G": 27214,
    "fis_points_Giant_Slalom": 18705,
    "fis_points_Slalom": 17939,
    "fis_points_Alpine_Combined": 99000,
    "sport_class": "LW9-2",
    "function": "Competitor",
    "guide_name": "",
    "factor": 0.8838
  },
  "66": {
    "bib": "96",
    "transponder_1": "",
    "transponder_2": "",
    "last_name": "van Bergen",
    "first_name": "Barbara",
    "code": "21797",
    "gender": "F",
    "birth_year": 1978,
    "category": "Sitting",
    "country": "NED",
    "region": "",
    "club": "",
    "team": "",
    "fis_points_Downhill": 12124,
    "fis_points_Super-G": 11853,
    "fis_points_Giant_Slalom": 11861,
    "fis_points_Slalom": 16050,
    "fis_points_Alpine_Combined": 37891,
    "sport_class": "LW11",
    "function": "Competitor",
    "guide_name": "",
    "factor": 0.742
  },
  "67": {
    "bib": "93",
    "transponder_1": "",
    "transponder_2": "",
    "last_name": "Aigner",
    "first_name": "Veronika",
    "code": "22142",
    "gender": "F",
    "birth_year": 2003,
    "category": "Vision Impaired",
    "country": "AUT",
    "region": "",
    "club": "",
    "team": "",
    "fis_points_Downhill": 99000,
    "fis_points_Super-G": 99000,
    "fis_points_Giant_Slalom": 6498,
    "fis_points_Slalom": 0,
    "fis_points_Alpine_Combined": 99000,
    "sport_class": "B2",
    "function": "Competitor",
    "guide_name": "Aigner Elisabeth",
    "factor": 0.8084
  },
  "68": {
    "bib": "91",
    "transponder_1": "",
    "transponder_2": "",
    "last_name": "Ristau",
    "first_name": "Noemi Ewa",
    "code": "23842",
    "gender": "F",
    "birth_year": 1991,
    "category": "Vision Impaired",
    "country": "GER",
    "region": "",
    "club": "",
    "team": "",
    "fis_points_Downhill": 5298,
    "fis_points_Super-G": 4590,
    "fis_points_Giant_Slalom": 5744,
    "fis_points_Slalom": 4298,
    "fis_points_Alpine_Combined": 6897,
    "sport_class": "B2",
    "function": "Competitor",
    "guide_name": "Brenzel Paula Elia",
    "factor": 0.8084
  },
  "69": {
    "bib": "35",
    "transponder_1": "",
    "transponder_2": "",
    "last_name": "Bidault",
    "first_name": "Meije",
    "code": "24003",
    "gender": "F",
    "birth_year": 1987,
    "category": "Sitting",
    "country": "FRA",
    "region": "",
    "club": "",
    "team": "",
    "fis_points_Downhill": 99000,
    "fis_points_Super-G": 25277,
    "fis_points_Giant_Slalom": 18466,
    "fis_points_Slalom": 19680,
    "fis_points_Alpine_Combined": 55967,
    "sport_class": "LW12-1",
    "function": "Competitor",
    "guide_name": "",
    "factor": 0.763
  },
  "70": {
    "bib": "78",
    "transponder_1": "",
    "transponder_2": "",
    "last_name": "Kamiyama",
    "first_name": "Noriko",
    "code": "24043",
    "gender": "F",
    "birth_year": 1973,
    "category": "Standing",
    "country": "JPN",
    "region": "",
    "club": "",
    "team": "",
    "fis_points_Downhill": 99000,
    "fis_points_Super-G": 13536,
    "fis_points_Giant_Slalom": 14880,
    "fis_points_Slalom": 17942,
    "fis_points_Alpine_Combined": 99000,
    "sport_class": "LW9-1",
    "function": "Competitor",
    "guide_name": "",
    "factor": 0.8224
  },
  "71": {
    "bib": "86",
    "transponder_1": "",
    "transponder_2": "",
    "last_name": "Ziablitceva",
    "first_name": "Aleksandra",
    "code": "28538",
    "gender": "F",
    "birth_year": 2001,
    "category": "Vision Impaired",
    "country": "RUS",
    "region": "",
    "club": "",
    "team": "",
    "fis_points_Downhill": 99000,
    "fis_points_Super-G": 99000,
    "fis_points_Giant_Slalom": 99000,
    "fis_points_Slalom": 99000,
    "fis_points_Alpine_Combined": 99000,
    "sport_class": "B3",
    "function": "Competitor",
    "guide_name": "Smirnov Dmitry",
    "factor": 0.8453
  },
  "72": {
    "bib": "58",
    "transponder_1": "",
    "transponder_2": "",
    "last_name": "Voronchikhina",
    "first_name": "Varvara",
    "code": "29136",
    "gender": "F",
    "birth_year": 2002,
    "category": "Standing",
    "country": "RUS",
    "region": "",
    "club": "",
    "team": "",
    "fis_points_Downhill": 99000,
    "fis_points_Super-G": 10106,
    "fis_points_Giant_Slalom": 2636,
    "fis_points_Slalom": 5248,
    "fis_points_Alpine_Combined": 25439,
    "sport_class": "LW6/8-2",
    "function": "Competitor",
    "guide_name": "",
    "factor": 1.0
  },
  "73": {
    "bib": "84",
    "transponder_1": "",
    "transponder_2": "",
    "last_name": "Fligil",
    "first_name": "Lidia",
    "code": "29146",
    "gender": "F",
    "birth_year": 1991,
    "category": "Vision Impaired",
    "country": "RUS",
    "region": "",
    "club": "",
    "team": "",
    "fis_points_Downhill": 99000,
    "fis_points_Super-G": 99000,
    "fis_points_Giant_Slalom": 99000,
    "fis_points_Slalom": 99000,
    "fis_points_Alpine_Combined": 99000,
    "sport_class": "B3",
    "function": "Competitor",
    "guide_name": "Mayorov Alexey",
    "factor": 0.8453
  },
  "74": {
    "bib": "77",
    "transponder_1": "",
    "transponder_2": "",
    "last_name": "Raymond",
    "first_name": "Juliette",
    "code": "29323",
    "gender": "F",
    "birth_year": 1997,
    "category": "Standing",
    "country": "FRA",
    "region": "",
    "club": "",
    "team": "",
    "fis_points_Downhill": 99000,
    "fis_points_Super-G": 40092,
    "fis_points_Giant_Slalom": 25609,
    "fis_points_Slalom": 28182,
    "fis_points_Alpine_Combined": 99000,
    "sport_class": "LW9-1",
    "function": "Competitor",
    "guide_name": "",
    "factor": 0.8224
  },
  "75": {
    "bib": "56",
    "transponder_1": "",
    "transponder_2": "",
    "last_name": "Griffith",
    "first_name": "Molly",
    "code": "29371",
    "gender": "F",
    "birth_year": 1999,
    "category": "Standing",
    "country": "GBR",
    "region": "",
    "club": "",
    "team": "",
    "fis_points_Downhill": 99000,
    "fis_points_Super-G": 99000,
    "fis_points_Giant_Slalom": 52998,
    "fis_points_Slalom": 38819,
    "fis_points_Alpine_Combined": 99000,
    "sport_class": "LW9-1",
    "function": "Competitor",
    "guide_name": "",
    "factor": 0.8224
  },
  "76": {
    "bib": "32",
    "transponder_1": "",
    "transponder_2": "",
    "last_name": "Vozza",
    "first_name": "Martina",
    "code": "29711",
    "gender": "F",
    "birth_year": 2004,
    "category": "Vision Impaired",
    "country": "ITA",
    "region": "",
    "club": "",
    "team": "",
    "fis_points_Downhill": 99000,
    "fis_points_Super-G": 99000,
    "fis_points_Giant_Slalom": 99000,
    "fis_points_Slalom": 99000,
    "fis_points_Alpine_Combined": 99000,
    "sport_class": "B2",
    "function": "Competitor",
    "guide_name": "",
    "factor": 0.8084
  },
  "77": {
    "bib": "9",
    "transponder_1": "",
    "transponder_2": "",
    "last_name": "Deroualliere",
    "first_name": "Celine",
    "code": "29715",
    "gender": "F",
    "birth_year": 1998,
    "category": "Standing",
    "country": "FRA",
    "region": "",
    "club": "",
    "team": "",
    "fis_points_Downhill": 99000,
    "fis_points_Super-G": 22713,
    "fis_points_Giant_Slalom": 19653,
    "fis_points_Slalom": 13223,
    "fis_points_Alpine_Combined": 40180,
    "sport_class": "LW6/8-2",
    "function": "Competitor",
    "guide_name": "",
    "factor": 1.0
  },
  "78": {
    "bib": "55",
    "transponder_1": "",
    "transponder_2": "",
    "last_name": "Petit",
    "first_name": "Claire",
    "code": "31533",
    "gender": "F",
    "birth_year": 2004,
    "category": "Standing",
    "country": "NED",
    "region": "",
    "club": "",
    "team": "",
    "fis_points_Downhill": 99000,
    "fis_points_Super-G": 99000,
    "fis_points_Giant_Slalom": 22136,
    "fis_points_Slalom": 19475,
    "fis_points_Alpine_Combined": 99000,
    "sport_class": "LW2",
    "function": "Competitor",
    "guide_name": "",
    "factor": 0.9704
  },
  "79": {
    "bib": "6",
    "transponder_1": "",
    "transponder_2": "",
    "last_name": "Bennink",
    "first_name": "Maaike",
    "code": "31601",
    "gender": "F",
    "birth_year": 1978,
    "category": "Vision Impaired",
    "country": "NED",
    "region": "",
    "club": "",
    "team": "",
    "fis_points_Downhill": 99000,
    "fis_points_Super-G": 99000,
    "fis_points_Giant_Slalom": 39901,
    "fis_points_Slalom": 16824,
    "fis_points_Alpine_Combined": 99000,
    "sport_class": "B2",
    "function": "Competitor",
    "guide_name": "Derksen Geertje",
    "factor": 0.8084
  },
  "80": {
    "bib": "92",
    "transponder_1": "",
    "transponder_2": "",
    "last_name": "van Leeuwen",
    "first_name": "Jolanda",
    "code": "31607",
    "gender": "F",
    "birth_year": 1969,
    "category": "Vision Impaired",
    "country": "NED",
    "region": "",
    "club": "",
    "team": "",
    "fis_points_Downhill": 99000,
    "fis_points_Super-G": 99000,
    "fis_points_Giant_Slalom": 57137,
    "fis_points_Slalom": 39852,
    "fis_points_Alpine_Combined": 99000,
    "sport_class": "B2",
    "function": "Competitor",
    "guide_name": "Landman Theo",
    "factor": 0.8084
  },
  "81": {
    "bib": "52",
    "transponder_1": "",
    "transponder_2": "",
    "last_name": "Martinez Muniz",
    "first_name": "Raquel",
    "code": "31653",
    "gender": "F",
    "birth_year": 1992,
    "category": "Standing",
    "country": "ESP",
    "region": "",
    "club": "",
    "team": "",
    "fis_points_Downhill": 99000,
    "fis_points_Super-G": 99000,
    "fis_points_Giant_Slalom": 44875,
    "fis_points_Slalom": 32909,
    "fis_points_Alpine_Combined": 99000,
    "sport_class": "LW9-1",
    "function": "Competitor",
    "guide_name": "",
    "factor": 0.8224
  },
  "82": {
    "bib": "13",
    "transponder_1": "",
    "transponder_2": "",
    "last_name": "Brownlee",
    "first_name": "Shona",
    "code": "33310",
    "gender": "F",
    "birth_year": 1979,
    "category": "Sitting",
    "country": "GBR",
    "region": "",
    "club": "",
    "team": "",
    "fis_points_Downhill": 99000,
    "fis_points_Super-G": 99000,
    "fis_points_Giant_Slalom": 71599,
    "fis_points_Slalom": 123484,
    "fis_points_Alpine_Combined": 99000,
    "sport_class": "LW12-2",
    "function": "Competitor",
    "guide_name": "",
    "factor": 0.7909
  },
  "83": {
    "bib": "22",
    "transponder_1": "",
    "transponder_2": "",
    "last_name": "Martinez",
    "first_name": "Lena",
    "code": "33923",
    "gender": "F",
    "birth_year": 2002,
    "category": "Standing",
    "country": "FRA",
    "region": "",
    "club": "",
    "team": "",
    "fis_points_Downhill": 99000,
    "fis_points_Super-G": 34879,
    "fis_points_Giant_Slalom": 21429,
    "fis_points_Slalom": 21916,
    "fis_points_Alpine_Combined": 99000,
    "sport_class": "LW6/8-2",
    "function": "Competitor",
    "guide_name": "",
    "factor": 1.0
  },
  "84": {
    "bib": "94",
    "transponder_1": "",
    "transponder_2": "",
    "last_name": "Mosova",
    "first_name": "Iuliia",
    "code": "35009",
    "gender": "F",
    "birth_year": 1997,
    "category": "Vision Impaired",
    "country": "RUS",
    "region": "",
    "club": "",
    "team": "",
    "fis_points_Downhill": 99000,
    "fis_points_Super-G": 99000,
    "fis_points_Giant_Slalom": 99000,
    "fis_points_Slalom": 99000,
    "fis_points_Alpine_Combined": 99000,
    "sport_class": "B3",
    "function": "Competitor",
    "guide_name": "Perevozchikov Denis",
    "factor": 0.8453
  },
  "85": {
    "bib": "4",
    "transponder_1": "",
    "transponder_2": "",
    "last_name": "Aigner",
    "first_name": "Barbara",
    "code": "40290",
    "gender": "F",
    "birth_year": 2005,
    "category": "Vision Impaired",
    "country": "AUT",
    "region": "",
    "club": "",
    "team": "",
    "fis_points_Downhill": 99000,
    "fis_points_Super-G": 99000,
    "fis_points_Giant_Slalom": 22360,
    "fis_points_Slalom": 22392,
    "fis_points_Alpine_Combined": 99000,
    "sport_class": "B3",
    "function": "Competitor",
    "guide_name": "Hirnboeck Felix",
    "factor": 0.8453
  },
  "86": {
    "bib": "67",
    "transponder_1": "",
    "transponder_2": "",
    "last_name": "Aarsjoe",
    "first_name": "Ebba",
    "code": "41102",
    "gender": "F",
    "birth_year": 2001,
    "category": "Standing",
    "country": "SWE",
    "region": "",
    "club": "",
    "team": "",
    "fis_points_Downhill": 99000,
    "fis_points_Super-G": 99000,
    "fis_points_Giant_Slalom": 99000,
    "fis_points_Slalom": 99000,
    "fis_points_Alpine_Combined": 99000,
    "sport_class": "LW4",
    "function": "Competitor",
    "guide_name": "",
    "factor": 0.9628
  },
  "87": {
    "bib": "8",
    "transponder_1": "",
    "transponder_2": "",
    "last_name": "Pascual Seco",
    "first_name": "Audrey",
    "code": "42136",
    "gender": "F",
    "birth_year": 2004,
    "category": "Sitting",
    "country": "ESP",
    "region": "",
    "club": "",
    "team": "",
    "fis_points_Downhill": 99000,
    "fis_points_Super-G": 99000,
    "fis_points_Giant_Slalom": 99000,
    "fis_points_Slalom": 40497,
    "fis_points_Alpine_Combined": 99000,
    "sport_class": "LW12-2",
    "function": "Competitor",
    "guide_name": "",
    "factor": 0.7909
  },
  "88": {
    "bib": "53",
    "transponder_1": "",
    "transponder_2": "",
    "last_name": "Richard",
    "first_name": "Aurelie",
    "code": "42372",
    "gender": "F",
    "birth_year": 2005,
    "category": "Standing",
    "country": "FRA",
    "region": "",
    "club": "",
    "team": "",
    "fis_points_Downhill": 99000,
    "fis_points_Super-G": 19577,
    "fis_points_Giant_Slalom": 19424,
    "fis_points_Slalom": 20200,
    "fis_points_Alpine_Combined": 99000,
    "sport_class": "LW6/8-2",
    "function": "Competitor",
    "guide_name": "",
    "factor": 1.0
  },
  "89": {
    "bib": "98",
    "transponder_1": "",
    "transponder_2": "",
    "last_name": "Stary",
    "first_name": "Elina",
    "code": "43180",
    "gender": "F",
    "birth_year": 2006,
    "category": "Vision Impaired",
    "country": "AUT",
    "region": "",
    "club": "",
    "team": "",
    "fis_points_Downhill": 99000,
    "fis_points_Super-G": 99000,
    "fis_points_Giant_Slalom": 99000,
    "fis_points_Slalom": 99000,
    "fis_points_Alpine_Combined": 99000,
    "sport_class": "B2",
    "function": "Competitor",
    "guide_name": "Stary Petra",
    "factor": 0.8084
  },
  "90": {
    "bib": "62",
    "transponder_1": "",
    "transponder_2": "",
    "last_name": "Melnikova",
    "first_name": "Anastasiia",
    "code": "43527",
    "gender": "F",
    "birth_year": 1989,
    "category": "Vision Impaired",
    "country": "RUS",
    "region": "",
    "club": "",
    "team": "",
    "fis_points_Downhill": 99000,
    "fis_points_Super-G": 99000,
    "fis_points_Giant_Slalom": 99000,
    "fis_points_Slalom": 99000,
    "fis_points_Alpine_Combined": 99000,
    "sport_class": "B1",
    "function": "Competitor",
    "guide_name": "",
    "factor": 0.5647
  },
  "91": {
    "bib": "82",
    "transponder_1": "",
    "transponder_2": "",
    "last_name": "Yue",
    "first_name": "Liyue",
    "code": "43930",
    "gender": "F",
    "birth_year": 2000,
    "category": "Standing",
    "country": "CHN",
    "region": "",
    "club": "",
    "team": "",
    "fis_points_Downhill": 99000,
    "fis_points_Super-G": 99000,
    "fis_points_Giant_Slalom": 99000,
    "fis_points_Slalom": 99000,
    "fis_points_Alpine_Combined": 99000,
    "sport_class": "LW6/8-2",
    "function": "Competitor",
    "guide_name": "",
    "factor": 1.0
  },
  "92": {
    "bib": "16",
    "transponder_1": "",
    "transponder_2": "",
    "last_name": "Zhu",
    "first_name": "Wenjing",
    "code": "43931",
    "gender": "F",
    "birth_year": 2001,
    "category": "Standing",
    "country": "CHN",
    "region": "",
    "club": "",
    "team": "",
    "fis_points_Downhill": 99000,
    "fis_points_Super-G": 99000,
    "fis_points_Giant_Slalom": 99000,
    "fis_points_Slalom": 99000,
    "fis_points_Alpine_Combined": 99000,
    "sport_class": "LW9-2",
    "function": "Competitor",
    "guide_name": "",
    "factor": 0.8838
  },
  "93": {
    "bib": "36",
    "transponder_1": "",
    "transponder_2": "",
    "last_name": "Pan",
    "first_name": "Guimin",
    "code": "43933",
    "gender": "F",
    "birth_year": 1997,
    "category": "Standing",
    "country": "CHN",
    "region": "",
    "club": "",
    "team": "",
    "fis_points_Downhill": 99000,
    "fis_points_Super-G": 99000,
    "fis_points_Giant_Slalom": 99000,
    "fis_points_Slalom": 99000,
    "fis_points_Alpine_Combined": 99000,
    "sport_class": "LW6/8-2",
    "function": "Competitor",
    "guide_name": "",
    "factor": 1.0
  },
  "94": {
    "bib": "27",
    "transponder_1": "",
    "transponder_2": "",
    "last_name": "Han",
    "first_name": "Shasha",
    "code": "43936",
    "gender": "F",
    "birth_year": 1990,
    "category": "Sitting",
    "country": "CHN",
    "region": "",
    "club": "",
    "team": "",
    "fis_points_Downhill": 99000,
    "fis_points_Super-G": 99000,
    "fis_points_Giant_Slalom": 99000,
    "fis_points_Slalom": 99000,
    "fis_points_Alpine_Combined": 99000,
    "sport_class": "LW12-1",
    "function": "Competitor",
    "guide_name": "",
    "factor": 0.763
  },
  "95": {
    "bib": "24",
    "transponder_1": "",
    "transponder_2": "",
    "last_name": "Boekhoud",
    "first_name": "Tess",
    "code": "44160",
    "gender": "F",
    "birth_year": 2004,
    "category": "Sitting",
    "country": "NED",
    "region": "",
    "club": "",
    "team": "",
    "fis_points_Downhill": 99000,
    "fis_points_Super-G": 99000,
    "fis_points_Giant_Slalom": 99000,
    "fis_points_Slalom": 99000,
    "fis_points_Alpine_Combined": 99000,
    "sport_class": "LW12-1",
    "function": "Competitor",
    "guide_name": "",
    "factor": 0.763
  },
  "96": {
    "bib": "61",
    "transponder_1": "",
    "transponder_2": "",
    "last_name": "Kloiber",
    "first_name": "Anna Maria",
    "code": "44168",
    "gender": "F",
    "birth_year": 2003,
    "category": "Standing",
    "country": "AUT",
    "region": "",
    "club": "",
    "team": "",
    "fis_points_Downhill": 99000,
    "fis_points_Super-G": 99000,
    "fis_points_Giant_Slalom": 99000,
    "fis_points_Slalom": 99000,
    "fis_points_Alpine_Combined": 99000,
    "sport_class": "LW6/8-2",
    "function": "Competitor",
    "guide_name": "",
    "factor": 1.0
  },
  "97": {
    "bib": "12",
    "transponder_1": "",
    "transponder_2": "",
    "last_name": "Harada",
    "first_name": "Norika",
    "code": "44178",
    "gender": "F",
    "birth_year": 1982,
    "category": "Sitting",
    "country": "JPN",
    "region": "",
    "club": "",
    "team": "",
    "fis_points_Downhill": 99000,
    "fis_points_Super-G": 99000,
    "fis_points_Giant_Slalom": 99000,
    "fis_points_Slalom": 99000,
    "fis_points_Alpine_Combined": 99000,
    "sport_class": "LW12-1",
    "function": "Competitor",
    "guide_name": "",
    "factor": 0.763
  },
  "98": {
    "bib": "3",
    "transponder_1": "",
    "transponder_2": "",
    "last_name": "Kishimoto",
    "first_name": "Aika",
    "code": "44179",
    "gender": "F",
    "birth_year": 1992,
    "category": "Sitting",
    "country": "JPN",
    "region": "",
    "club": "",
    "team": "",
    "fis_points_Downhill": 99000,
    "fis_points_Super-G": 99000,
    "fis_points_Giant_Slalom": 99000,
    "fis_points_Slalom": 99000,
    "fis_points_Alpine_Combined": 99000,
    "sport_class": "LW11",
    "function": "Competitor",
    "guide_name": "",
    "factor": 0.742
  }
}