{
  "factor_codes": {
    "Slalom": {
      "": "1.0000",
      "B1": "0.5647",
      "B2": "0.8084",
      "B3": "0.8453",
      "LW1": "0.8207",
      "LW2": "0.9704",
      "LW3": "0.8741",
      "LW4": "0.9628",
      "LW5/7-1": "0.9440",
      "LW5/7-2": "0.9478",
      "LW5/7-3": "0.9526",
      "LW6/8-1": "0.9660",
      "LW6/8-2": "1.0000",
      "LW9-1": "0.8224",
      "LW9-2": "0.8838",
      "LW10-1": "0.6774",
      "LW10-2": "0.7299",
      "LW11": "0.7420",
      "LW12-1": "0.7630",
      "LW12-2": "0.7909"
    },
    "Giant Slalom": {
      "": "1.0000",
      "B1": "0.6043",
      "B2": "0.8645",
      "B3": "0.8912",
      "LW1": "0.8380",
      "LW2": "0.8782",
      "LW3": "0.9080",
      "LW4": "0.9713",
      "LW5/7-1": "0.9545",
      "LW5/7-2": "0.9583",
      "LW5/7-3": "0.9631",
      "LW6/8-1": "0.9651",
      "LW6/8-2": "1.0000",
      "LW9-1": "0.8639",
      "LW9-2": "0.9235",
      "LW10-1": "0.7719",
      "LW10-2": "0.7977",
      "LW11": "0.8066",
      "LW12-1": "0.8319",
      "LW12-2": "0.8370"
    },
    "Super-G": {
      "": "1.0000",
      "B1": "0.6059",
      "B2": "0.8656",
      "B3": "0.8941",
      "LW1": "0.8384",
      "LW2": "0.9077",
      "LW3": "0.9249",
      "LW4": "0.9795",
      "LW5/7-1": "0.9720",
      "LW5/7-2": "0.9739",
      "LW5/7-3": "0.9788",
      "LW6/8-1": "0.9820",
      "LW6/8-2": "1.0000",
      "LW9-1": "0.8817",
      "LW9-2": "0.9363",
      "LW10-1": "0.8243",
      "LW10-2": "0.8350",
      "LW11": "0.8460",
      "LW12-1": "0.8654",
      "LW12-2": "0.8667"
    },
    "Downhill": {
      "": "1.0000",
      "B1": "0.6132",
      "B2": "0.8760",
      "B3": "0.9182",
      "LW1": "0.8588",
      "LW2": "0.9222",
      "LW3": "0.9402",
      "LW4": "0.9868",
      "LW5/7-1": "0.9749",
      "LW5/7-2": "0.9758",
      "LW5/7-3": "0.9807",
      "LW6/8-1": "0.9860",
      "LW6/8-2": "1.0000",
      "LW9-1": "0.8913",
      "LW9-2": "0.9497",
      "LW10-1": "0.8543",
      "LW10-2": "0.8893",
      "LW11": "0.8670",
      "LW12-1": "0.8794",
      "LW12-2": "0.8802"
    }
  },
  "discipline_codes": {
    "0": "Downhill",
    "1": "Super-G",
    "2": "Giant Slalom",
    "3": "Slalom",
    "5": "Alpine combined/Super combined (IPC)",
    "11": "Speed",
    "14": "Parallel (Qualifications)",
    "15": "Parallel",
    "16": "Practice",
    "17": "Team parallel event/sprint (Telemark)",
    "71": "Classic (Telemark)",
    "72": "Sprint (Telemark)",
    "73": "Giant Slalom (Telemark)",
    "75": "Parallel Slalom (Telemark)",
    "76": "Parallel Slalom (Qualifications) (Telemark)",
    "77": "Parallel Sprint (Telemark)"
  },
  "discipline_super_combined_codes": {
    "0": "",
    "1": "Downhill",
    "2": "Super-G"
  }
}