{
  "event_title": {
    "title": "Landgraaf 2020 World Para Alpine Skiing EC",
    "discipline": "Slalom",
    "discipline_super_combined": ""
  },
  "event_parameters": {
    "date": "2019-11-07",
    "location": "Landgraaf22",
    "organization": ""
  },
  "course_setters": {
    "first_name_run1": "Falco",
    "last_name_run1": "TEITSMA",
    "first_name_run2": "Falco",
    "last_name_run2": "TEITSMA"
  },
  "schedule": {
    "schedule_info1": "Visually Impaired Women, Run 1",
    "schedule_info2": "Visually Impaired Women, Run 2",
    "schedule_info3": "Sitting Women, Run 1",
    "schedule_info4": "Visually Impaired Men, Run 2",
    "schedule_info5": "Standing Men, Run 2",
    "schedule_info6": "Sitting Men, Run 2"
  },
  "weather": {
    "snow": "Hard ",
    "snow_temperature": "-5.3",
    "air_temperature": "-5.5",
    "humidity": "60",
    "wind_speed": "12",
    "wind_direction": "North"
  },
  "course_data": {
    "course_name": "LANDGRAAF",
    "start_altitude": "219",
    "finish_altitude": "156",
    "vertical_drop": "63",
    "length": "0",
    "gates": "30"
  },
  "commentator": {
    "name": "Name Name"
  }
}