{
  "display_ad": false,
  "ad_display_time": 6000,
  "delay_start_list": 2000,
  "delay_results": 2000,
  "hash_tag": "st",
  "free_phrase": "dslhfrueihrssto8ustg dfgfrm6",
  "checkboxes_states": {
    "checkBoxGlobalShortcut": false,
    "checkBoxScrollStartList": false,
    "checkBoxScrollStartListGuide": false,
    "checkBoxScrollResults": false,
    "checkBoxScrollResultsGuide": false,
    "checkBoxEventTitle": true,
    "checkBoxEventDiscipline": true,
    "checkBoxEventLocation": true,
    "checkBoxEventOrganization": true,
    "checkBoxCourseSetter1": true,
    "checkBoxCourseSetter2": true,
    "checkBoxSnow": true,
    "checkBoxCourseName": true,
    "checkBoxCourseStartAltitude": true,
    "checkBoxCourseFinishAltitude": true,
    "checkBoxCourseVerticalDrop": true,
    "checkBoxCourseLength": true,
    "checkBoxCourseGates": true,
    "checkBoxEventDate": true,
    "checkBoxAllData": true,
    "checkBoxCompetitors": false
  }
}